Название,Ссылка
Теплица Арочная Боярская 2.5м,https://teplitsa-rus.ru/item/2-teplica-arochnaya-25m.html
Теплица Арочная Боярская 3м,https://teplitsa-rus.ru/item/6-teplica-arochnaya-3m-ctandart.html
Теплица Арочная Боярская Люкс 2.5м,https://teplitsa-rus.ru/item/3-teplica-arochnaya-25m-usilennaya-1.html
Теплица Арочная Боярская Люкс 3м,https://teplitsa-rus.ru/item/7-teplica-arochnaya-3m-usilennaya-1.html
Теплица Арочная Боярская Люкс 3.5м,https://teplitsa-rus.ru/item/11-teplica-arochnaya-35m-usilennaya-1.html
Теплица Арочная Боярская Делюкс 2.5м,https://teplitsa-rus.ru/item/4-teplica-arochnaya-25m-usilennaya-2.html
Теплица Арочная Боярская Делюкс 3м,https://teplitsa-rus.ru/item/8-teplica-arochnaya-3m-usilennaya-2.html
Теплица Арочная Боярская Премиум 2.5м,https://teplitsa-rus.ru/item/5-teplica-arochnaya-25m-usilennaya-3.html
Теплица Арочная Боярская Премиум 3м,https://teplitsa-rus.ru/item/9-teplica-arochnaya-3m-usilennaya-3.html
Теплица Арочная Боярская Премиум 3.5м,https://teplitsa-rus.ru/item/13-teplica-arochnaya-35m-usilennaya-3.html
Теплица Арочная Боярская Премиум 4м,https://teplitsa-rus.ru/item/49-teplica-kremlevskaya-premium-4m.html
Теплица Прямостенная Царская Люкс 2.5м,https://teplitsa-rus.ru/item/15-teplica-pryamostennaya-25m-usilennaya-1.html
Теплица Прямостенная Царская Люкс 3м,https://teplitsa-rus.ru/item/19-teplica-pryamostennaya-3m-usilennaya-1.html
Теплица Прямостенная Царская Люкс 3.5м,https://teplitsa-rus.ru/item/51-teplica-carskaya-lyuks-35m.html
Теплица Прямостенная Царская Премиум 2.5м,https://teplitsa-rus.ru/item/17-teplica-pryamostennaya-25m-usilennaya-3.html
Теплица Прямостенная Царская Премиум 3м,https://teplitsa-rus.ru/item/21-teplica-pryamostennaya-3m-usilennaya-3.html
Теплица Прямостенная Царская Премиум 3.5м,https://teplitsa-rus.ru/item/53-teplica-carskaya-premium-35m.html
Теплица Прямостенная Царская Премиум 4м,https://teplitsa-rus.ru/item/85-teplica-carskaya-premium-4m.html
Теплица Каплевидная Стрелецкая Люкс 2.5м,https://teplitsa-rus.ru/item/27-teplica-kaplevidnaya-25m-usilennaya-1.html
Теплица Каплевидная Стрелецкая Люкс 3м,https://teplitsa-rus.ru/item/29-teplica-kaplevidnaya-3m-usilennaya-1.html
Теплица Каплевидная Стрелецкая Люкс 3.5м,https://teplitsa-rus.ru/item/31-teplica-kaplevidnaya-35m-usilennaya-1.html
Теплица Домик Люкс 2.5м,https://teplitsa-rus.ru/item/63-teplica-domik-40x20.html
Теплица Домик Люкс 3м,https://teplitsa-rus.ru/item/65-teplica-domik-lyuks-3m.html
Теплица Домик Люкс 3.5м,https://teplitsa-rus.ru/item/66-teplica-domik-lyuks-35m.html
Теплица Домик Премиум 2.5м,https://teplitsa-rus.ru/item/62-teplica-domik-40x20_20x20.html
Теплица Домик Премиум 3м,https://teplitsa-rus.ru/item/67-teplica-domik-premium-3m.html
Теплица Домик Премиум 3.5м,https://teplitsa-rus.ru/item/68-teplica-domik-premium-35m.html
Теплица Домик Премиум 4м,https://teplitsa-rus.ru/item/111-teplica-domik-premium-4m/index.html
Теплица Митлайдер Люкс 3м,https://teplitsa-rus.ru/item/69-teplica-mitlajjder-lyuks-3m.html
Теплица Митлайдер Люкс 3.5м,https://teplitsa-rus.ru/item/60-teplica-mitlajjder-40x20.html
Теплица Митлайдер Премиум 3м,https://teplitsa-rus.ru/item/59-teplica-mitlajjder-40x20_20x20.html
Теплица Митлайдер Премиум 3.5м,https://teplitsa-rus.ru/item/70-teplica-mitlajjder-premium-35m.html
Теплица Митлайдер Элит 3м,https://teplitsa-rus.ru/item/88-teplica-mitlajjder-elit-3m.html
Теплица Митлайдер Элит 3.5м,https://teplitsa-rus.ru/item/89-teplica-mitlajjder-elit-35m.html
Теплица Пристенная Люкс 2.5м,https://teplitsa-rus.ru/item/58-teplica-pristennaya-40x20.html
Теплица Пристенная Люкс 3м,https://teplitsa-rus.ru/item/71-teplica-pristennaya-lyuks-3m.html
Теплица Пристенная Премиум 2.5м,https://teplitsa-rus.ru/item/72-teplica-pristennaya-premium-25m.html
Теплица Пристенная Премиум 3м,https://teplitsa-rus.ru/item/73-teplica-pristennaya-premium-3m.html
Теплица Промышленная Премьер Премиум 5м,https://teplitsa-rus.ru/item/55-teplica-prom-1-40x20_40x20.html
Теплица Промышленная Премьер Премиум 6м,https://teplitsa-rus.ru/item/87-teplica-premier-premium-6m.html
Теплица Промышленная Монарх Премиум 7м,https://teplitsa-rus.ru/item/54-teplica-prom-2.html
Теплица Промышленная Монарх Премиум 8м,https://teplitsa-rus.ru/item/112-teplica-monarkh-premium-8m/index.html
Навес Люкс 3.5м,https://teplitsa-rus.ru/item/80-naves-lyuks-35m.html
Навес Люкс 4м,https://teplitsa-rus.ru/item/81-naves-premium-4m.html
Навес Премиум 5м,https://teplitsa-rus.ru/item/82-naves-premium-5m.html
Навес Премиум 6м,https://teplitsa-rus.ru/item/83-naves-premium-6m.html
Грядки Оцинкованные Низкие 0.5м,https://teplitsa-rus.ru/item/32-gryadki-ocinkovannye-05m/index.html
Грядки Оцинкованные Низкие 0.65м,https://teplitsa-rus.ru/item/115-gryadki-ocinkovannye-nizkie-065m/index.html
Грядки Оцинкованные Низкие 0.75м,https://teplitsa-rus.ru/item/33-gryadki-ocinkovannye-075m/index.html
Грядки Оцинкованные Низкие 1м,https://teplitsa-rus.ru/item/34-gryadki-ocinkovannye-1m/index.html
Грядки Оцинкованные Высокие 0.5м,https://teplitsa-rus.ru/item/106-gryadki-ocinkovannye-vysokie-05-m/index.html
Грядки Оцинкованные Высокие 0.65м,https://teplitsa-rus.ru/item/116-gryadki-ocinkovannye-vysokie-065m/index.html
Грядки Оцинкованные Высокие 0.75м,https://teplitsa-rus.ru/item/108-gryadki-ocinkovannye-vysokie-075m/index.html
Грядки Оцинкованные Высокие 1м,https://teplitsa-rus.ru/item/110-gryadki-ocinkovannye-vysokie-1m/index.html
Набор для подвязки растений,https://teplitsa-rus.ru/item/104-podvyazki-dlya-teplicy/index.html
